url,label
https://google.com/,benign
https://ezviz7.com/,benign
https://amon.tech/,benign
https://hicloudcam.com/,benign
https://gstatic.com/,benign
https://www.google.com/,benign
https://microsoft.com/,benign
https://data.microsoft.com/,benign
https://www.gstatic.com/,benign
https://events.data.microsoft.com/,benign
https://gwfb.net/,benign
https://update.googleapis.com/,benign
https://office.com/,benign
https://live.com/,benign
https://digicert.com/,benign
https://mp.microsoft.com/,benign
https://apple.com/,benign
https://windowsupdate.com/,benign
https://microsoftonline.com/,benign
https://login.microsoftonline.com/,benign
https://accounts.google.com/,benign
https://ecs.office.com/,benign
https://ctldl.windowsupdate.com/,benign
https://ali.gwfb.net/,benign
https://settings-win.data.microsoft.com/,benign
https://skype.com/,benign
https://lsrelayaccess.com/,benign
https://ocsp.digicert.com/,benign
https://login.live.com/,benign
https://edge.skype.com/,benign
https://shiabank.com/,benign
https://config.edge.skype.com/,benign
https://mobile.events.data.microsoft.com/,benign
https://dsp.mp.microsoft.com/,benign
https://amazonaws.com/,benign
https://optimizationguide-pa.googleapis.com/,benign
https://facebook.com/,benign
https://do.dsp.mp.microsoft.com/,benign
https://prod.do.dsp.mp.microsoft.com/,benign
https://officeapps.live.com/,benign
https://clients4.google.com/,benign
https://delivery.mp.microsoft.com/,benign
https://aquila.it/,benign
https://cloud.microsoft/,benign
https://mtalk.google.com/,benign
https://windows.com/,benign
https://googleusercontent.com/,benign
https://office.net/,benign
https://doubleclick.net/,benign
https://bing.com/,benign
https://update.microsoft.com/,benign
https://clientservices.googleapis.com/,benign
https://cloudflare.com/,benign
https://dl.delivery.mp.microsoft.com/,benign
https://www.googleapis.com/,benign
https://clients2.google.com/,benign
https://tlu.dl.delivery.mp.microsoft.com/,benign
https://tesvtmng2dev.ezviz7.com/,benign
https://g.doubleclick.net/,benign
https://svc.cloud.microsoft/,benign
https://dotaplabs.net/,benign
https://virginm.net/,benign
https://cable.virginm.net/,benign
https://youtube.com/,benign
https://com.akadns.net/,benign
https://self.events.data.microsoft.com/,benign
https://msn.com/,benign
https://fonts.gstatic.com/,benign
https://icloud.com/,benign
https://geo.prod.do.dsp.mp.microsoft.com/,benign
https://aaplimg.com/,benign
https://edge.microsoft.com/,benign
https://ls.apple.com/,benign
https://gvt1.com/,benign
https://googleads.g.doubleclick.net/,benign
https://sfx.ms/,benign
https://oneclient.sfx.ms/,benign
https://apple-dns.net/,benign
https://www.bing.com/,benign
https://cdp.microsoft.com/,benign
https://api.cdp.microsoft.com/,benign
https://msedge.api.cdp.microsoft.com/,benign
https://windows.net/,benign
https://safebrowsing.googleapis.com/,benign
https://googletagmanager.com/,benign
https://www.googletagmanager.com/,benign
https://oneocsp.microsoft.com/,benign
https://manage.microsoft.com/,benign
https://supertms.com/,benign
https://play.googleapis.com/,benign
https://fonts.googleapis.com/,benign
https://officeclient.microsoft.com/,benign
https://g.aaplimg.com/,benign
https://itunes.apple.com/,benign
https://metric.gstatic.com/,benign
https://b.tlu.dl.delivery.mp.microsoft.com/,benign
https://msedge.b.tlu.dl.delivery.mp.microsoft.com/,benign
https://teams.microsoft.com/,benign
https://play.google.com/,benign
https://g.live.com/,benign
https://connectivitycheck.gstatic.com/,benign
https://e2ro.com/,benign
https://www.youtube.com/,benign
https://lh3.googleusercontent.com/,benign
https://graph.microsoft.com/,benign
https://odc.officeapps.live.com/,benign
https://gvt2.com/,benign
https://node.e2ro.com/,benign
https://me.gvt1.com/,benign
https://edgedl.me.gvt1.com/,benign
https://clients6.google.com/,benign
https://fe3cr.delivery.mp.microsoft.com/,benign
https://cwsapp.update.microsoft.com/,benign
https://amazon.co.za/,benign
https://office365.com/,benign
https://gcp.gvt2.com/,benign
https://jobs.amazon.co.za/,benign
https://tas01.cwsapp.update.microsoft.com/,benign
https://beacons.gcp.gvt2.com/,benign
https://skybridge.click/,benign
https://auth.skybridge.click/,benign
https://amazon.com/,benign
https://substrate.office.com/,benign
https://sls.update.microsoft.com/,benign
https://ytimg.com/,benign
https://config.office.net/,benign
https://clients.config.office.net/,benign
https://i.ytimg.com/,benign
https://pushy.io/,benign
https://static.microsoft/,benign
https://google-analytics.com/,benign
https://fbcdn.net/,benign
https://whatsapp.net/,benign
https://clients.google.com/,benign
https://android.clients.google.com/,benign
https://outlook.office365.com/,benign
https://mobile.de/,benign
https://content-autofill.googleapis.com/,benign
https://www.facebook.com/,benign
https://ntp.org/,benign
https://pool.ntp.org/,benign
https://resolver.arpa/,benign
https://_dns.resolver.arpa/,benign
https://googlesyndication.com/,benign
https://tas02.sls.update.microsoft.com/,benign
https://bag.itunes.apple.com/,benign
https://encrypted-tbn0.gstatic.com/,benign
https://sharepoint.com/,benign
https://cdn.office.net/,benign
https://googleadservices.com/,benign
https://www.google-analytics.com/,benign
https://v10.events.data.microsoft.com/,benign
https://fastly.net/,benign
https://push.apple.com/,benign
https://fe2cr.update.microsoft.com/,benign
https://eeroup.com/,benign
https://core.windows.net/,benign
https://opendns.com/,benign
https://eu.dotaplabs.net/,benign
https://ocsp2.apple.com/,benign
https://graph.facebook.com/,benign
https://www.googleadservices.com/,benign
https://d9ojso6xukdhq.cloudfront.net/,benign
https://arc.msn.com/,benign
https://outlook.office.com/,benign
https://mask.icloud.com/,benign
https://mrodevicemgr.officeapps.live.com/,benign
https://iris.microsoft.com/,benign
https://api.iris.microsoft.com/,benign
https://displaycatalog.mp.microsoft.com/,benign
https://azure.com/,benign
https://fe2.apple-dns.net/,benign
https://fd.api.iris.microsoft.com/,benign
https://onecdn.static.microsoft/,benign
https://singtelchina.cn/,benign
https://public.onecdn.static.microsoft/,benign
https://pagead2.googlesyndication.com/,benign
https://1d.tlu.dl.delivery.mp.microsoft.com/,benign
https://edge.e2ro.com/,benign
https://itunes-apple.com.akadns.net/,benign
https://ogads-pa.clients6.google.com/,benign
https://geover.prod.do.dsp.mp.microsoft.com/,benign
https://v.aaplimg.com/,benign
https://app-measurement.com/,benign
https://instagram.com/,benign
https://pki.goog/,benign
https://config.teams.microsoft.com/,benign
https://licensing.mp.microsoft.com/,benign
https://adobe.com/,benign
https://c.pki.goog/,benign
https://netflix.com/,benign
https://ssl.gstatic.com/,benign
https://mask.apple-dns.net/,benign
https://download.windowsupdate.com/,benign
https://cdn-apple.com/,benign
https://gsp-ssl.ls.apple.com/,benign
https://ipv4only.arpa/,benign
https://gateway.icloud.com/,benign
https://ad.doubleclick.net/,benign
https://teams.events.data.microsoft.com/,benign
https://v20.events.data.microsoft.com/,benign
https://res.public.onecdn.static.microsoft/,benign
https://msftconnecttest.com/,benign
https://slscr.update.microsoft.com/,benign
https://googlevideo.com/,benign
https://mercaripost.tesvtmng2dev.ezviz7.com/,benign
https://cz89100315www.mobile.de/,benign
https://crl3.digicert.com/,benign
https://us-mobile.events.data.microsoft.com/,benign
https://l.google.com/,benign
https://oauthaccountmanager.googleapis.com/,benign
https://smartscreen.microsoft.com/,benign
https://bag-cdn.itunes-apple.com.akadns.net/,benign
https://sentry.io/,benign
https://www.msftconnecttest.com/,benign
https://dm.microsoft.com/,benign
https://time.apple.com/,benign
https://time.windows.com/,benign
https://ocsp2.g.aaplimg.com/,benign
https://checkin.dm.microsoft.com/,benign
https://ls-apple.com.akadns.net/,benign
https://opera.com/,benign
https://wns.windows.com/,benign
https://g.whatsapp.net/,benign
https://assets.msn.com/,benign
https://dsx.mp.microsoft.com/,benign
https://analytics.google.com/,benign
https://mzstatic.com/,benign
https://storeedgefd.dsx.mp.microsoft.com/,benign
https://mesu.apple.com/,benign
https://configuration.ls.apple.com/,benign
https://storeedge.microsoft.com/,benign
https://lencr.org/,benign
https://storequality.microsoft.com/,benign
https://storecatalogrevocation.storequality.microsoft.com/,benign
https://teams.cloud.microsoft/,benign
https://gdmf.apple.com/,benign
https://r.manage.microsoft.com/,benign
https://quickconnect.to/,benign
https://gateway.fe2.apple-dns.net/,benign
https://treinamentotesvtmng2dev.ezviz7.com/,benign
https://yahoo.com/,benign
https://us-v10c.events.data.microsoft.com/,benign
https://c.lencr.org/,benign
https://discover-pa.googleapis.com/,benign
https://activity.windows.com/,benign
https://stats.g.doubleclick.net/,benign
https://appsflyersdk.com/,benign
https://tbcache.com/,benign
https://jobsswebdisk.jobs.amazon.co.za/,benign
https://trouter.teams.microsoft.com/,benign
https://tpc.googlesyndication.com/,benign
https://smoot.apple.com/,benign
https://adtrafficquality.google/,benign
https://facebook.net/,benign
https://xp.apple.com/,benign
https://us-v20.events.data.microsoft.com/,benign
https://mybluehost.me/,benign
https://connect.facebook.net/,benign
https://xx.fbcdn.net/,benign
https://nflxso.net/,benign
https://pancake.apple.com/,benign
https://mobgslb.tbcache.com/,benign
https://h264.io/,benign
https://apis.google.com/,benign
https://media.h264.io/,benign
https://prd.media.h264.io/,benign
https://edge-mqtt.facebook.com/,benign
https://configuration.apple.com/,benign
https://cf.prd.media.h264.io/,benign
https://storage.live.com/,benign
https://measure.office.net/,benign
https://nel.measure.office.net/,benign
https://logs.netflix.com/,benign
https://archive.ph/,benign
https://android.com/,benign
https://x1.c.lencr.org/,benign
https://init.push.apple.com/,benign
https://aa-rt.sharepoint.com/,benign
https://ep1.adtrafficquality.google/,benign
https://browser.events.data.microsoft.com/,benign
https://mask-api.icloud.com/,benign
https://us-west-2.amazonaws.com/,benign
https://archive.is/,benign
https://ftl.netflix.com/,benign
https://ggpht.com/,benign
https://get-bx.g.aaplimg.com/,benign
https://cloudapp.azure.com/,benign
https://cdn.whatsapp.net/,benign
https://yt3.ggpht.com/,benign
https://apple.map.fastly.net/,benign
https://app-analytics-services.com/,benign
https://prod.ftl.netflix.com/,benign
https://seznam.cz89100315www.mobile.de/,benign
https://ep2.adtrafficquality.google/,benign
https://safebrowsing.google.com/,benign
https://ioref.io/,benign
https://netcraze.io/,benign
https://gateway.facebook.com/,benign
https://exp-tas.com/,benign
https://default.exp-tas.com/,benign
https://test-gateway.instagram.com/,benign
https://fna.fbcdn.net/,benign
https://nel.cloudflare.com/,benign
https://prod.netflix.com/,benign
https://push.prod.netflix.com/,benign
https://a.nel.cloudflare.com/,benign
https://juicyscore.com/,benign
https://d.juicyscore.com/,benign
https://gspe79-ssl.ls.apple.com/,benign
https://iadsdk.apple.com/,benign
https://cloudflareinsights.com/,benign
https://dsce9.akamaiedge.net/,benign
https://astrumu.io/,benign
https://global.aa-rt.sharepoint.com/,benign
https://gr.global.aa-rt.sharepoint.com/,benign
https://hstgr.net/,benign
https://cdn.hstgr.net/,benign
https://i.instagram.com/,benign
https://ess.apple.com/,benign
https://static.cloudflareinsights.com/,benign
https://nist.gov/,benign
https://apps.apple.com/,benign
https://api.whatsapp.net/,benign
https://scorecardresearch.com/,benign
https://m365.cloud.microsoft/,benign
https://notifications-pa.googleapis.com/,benign
https://sl-reverse.com/,benign
https://static.sl-reverse.com/,benign
https://ip4.static.sl-reverse.com/,benign
https://youtubei.googleapis.com/,benign
https://gspe35-ssl.ls.apple.com/,benign
https://msedge.net/,benign
https://push-apple.com.akadns.net/,benign
https://outlook.com/,benign
https://msftncsi.com/,benign
https://defender.microsoft.com/,benign
https://reflector.defender.microsoft.com/,benign
https://whatsapp.com/,benign
https://fpinit.itunes.apple.com/,benign
https://xz.fbcdn.net/,benign
https://au.download.windowsupdate.com/,benign
https://encrypted-tbn2.gstatic.com/,benign
https://xy.fbcdn.net/,benign
https://static.doubleclick.net/,benign
https://play-fe.googleapis.com/,benign
https://c.bing.com/,benign
https://c10r.facebook.com/,benign
https://apis.apple.map.fastly.net/,benign
https://mos.microsoft.com/,benign
https://com.cdn.cloudflare.net/,benign
https://h3.apis.apple.map.fastly.net/,benign
https://outlook.cloud.microsoft/,benign
https://ampproject.org/,benign
https://z-m-gateway.facebook.com/,benign
https://firebaseremoteconfig.googleapis.com/,benign
https://cisco.com/,benign
https://bybanking.com/,benign
https://firebaselogging-pa.googleapis.com/,benign
https://clients3.google.com/,benign
https://graph.instagram.com/,benign
https://img-s-msn-com.akamaized.net/,benign
https://1.nflxso.net/,benign
https://apps.mzstatic.com/,benign
https://encrypted-tbn1.gstatic.com/,benign
https://time.google.com/,benign
https://ipcdn.apple.com/,benign
https://cdn.ampproject.org/,benign
https://prod.mos.microsoft.com/,benign
https://titles.prod.mos.microsoft.com/,benign
https://encrypted-tbn3.gstatic.com/,benign
https://origin-apple.com.akadns.net/,benign
https://th.bing.com/,benign
https://cdninstagram.com/,benign
https://jobsewebdisk.jobsswebdisk.jobs.amazon.co.za/,benign
https://flightproxy.teams.microsoft.com/,benign
https://measure.office.com/,benign
https://manulife-sinochem.com/,benign
https://beacons.gvt2.com/,benign
https://amazon-adsystem.com/,benign
https://fp.measure.office.com/,benign
https://time.g.aaplimg.com/,benign
https://skyhigh.cloud/,benign
https://elb.amazonaws.com/,benign
https://xp.g.aaplimg.com/,benign
https://jsdelivr.net/,benign
https://tiktokv.com/,benign
https://cdn.jsdelivr.net/,benign
https://cdnjs.cloudflare.com/,benign
https://dns.msftncsi.com/,benign
https://cds.apple.com/,benign
https://fbs.smoot.apple.com/,benign
https://adnxs.com/,benign
https://crashlytics.com/,benign
https://flurry.com/,benign
https://windows.msn.com/,benign
https://graph-fallback.facebook.com/,benign
https://a2z.com/,benign
https://rsrc.flurry.com/,benign
https://kv601.prod.do.dsp.mp.microsoft.com/,benign
https://iphone-ld.apple.com/,benign
https://netflix.net/,benign
https://securepubads.g.doubleclick.net/,benign
https://firebase-settings.crashlytics.com/,benign
https://live.net/,benign
https://doh.opendns.com/,benign
https://cm.g.doubleclick.net/,benign
https://android.googleapis.com/,benign
https://firebaseinstallations.googleapis.com/,benign
https://mesu-cdn.origin-apple.com.akadns.net/,benign
https://lcdn-locator.apple.com/,benign
https://people-pa.googleapis.com/,benign
https://partner.netflix.net/,benign
https://prod.partner.netflix.net/,benign
https://go.trouter.teams.microsoft.com/,benign
https://gs-loc.apple.com/,benign
https://triplinkintl.com/,benign
https://res.cdn.office.net/,benign
https://jnn-pa.googleapis.com/,benign
https://web.facebook.com/,benign
https://pcms.apple.com/,benign
https://sb.scorecardresearch.com/,benign
https://turbo.microsoft.com/,benign
https://apple.com.akadns.net/,benign
https://autopatch.microsoft.com/,benign
https://ts.cdn.office.net/,benign
https://c2r.ts.cdn.office.net/,benign
https://edge-consumer-static.azureedge.net/,benign
https://amd-infra.itunes.apple.com/,benign
https://cp601.prod.do.dsp.mp.microsoft.com/,benign
https://captive.apple.com/,benign
https://www.msn.com/,benign
https://linkedin.com/,benign
https://dscg.akamaiedge.net/,benign
https://criteo.com/,benign
https://myhuaweicloud.com/,benign
https://nrdp.prod.ftl.netflix.com/,benign
https://clarity.ms/,benign
https://prod-lt-playstoregatewayadapter-pa.googleapis.com/,benign
https://f.c2r.ts.cdn.office.net/,benign
https://upload.fp.measure.office.com/,benign
https://gsp64-ssl.ls.apple.com/,benign
https://www.microsoft.com/,benign
https://yr.c.lencr.org/,benign
https://nrdp.logs.netflix.com/,benign
https://gspe1-ssl.ls.apple.com/,benign
https://communications.svc.cloud.microsoft/,benign
https://adobedtm.com/,benign
https://assets.adobedtm.com/,benign
https://tiktok.com/,benign
https://i-fallback.instagram.com/,benign
https://www.apple.com/,benign
https://enterprise.activity.windows.com/,benign
https://trouter.communications.svc.cloud.microsoft/,benign
https://mzstorekit.itunes.apple.com/,benign
https://augloop.svc.cloud.microsoft/,benign
https://swallow.apple.com/,benign
https://storage.googleapis.com/,benign
https://scontent.xx.fbcdn.net/,benign
https://wd.microsoft.com/,benign
https://media.apple.com/,benign
https://go.microsoft.com/,benign
https://pubmatic.com/,benign
https://amp-api.media.apple.com/,benign
https://preapp.prod.partner.netflix.net/,benign
https://device-config.pcms.apple.com/,benign
https://skydrive.wns.windows.com/,benign
https://hicloud.com/,benign
https://cp.wd.microsoft.com/,benign
https://geller-pa.googleapis.com/,benign
https://adsrvr.org/,benign
https://bag-cdn-lb.itunes-apple.com.akadns.net/,benign
https://agentsnfb1.manage.microsoft.com/,benign
https://lh3.google.com/,benign
https://agentsnfbsec.manage.microsoft.com/,benign
https://asyncgw.teams.microsoft.com/,benign
https://agentsnpri.manage.microsoft.com/,benign
https://pulse.treinamentotesvtmng2dev.ezviz7.com/,benign
https://services.autopatch.microsoft.com/,benign
https://adobe.io/,benign
https://googletagservices.com/,benign
https://www.googletagservices.com/,benign
https://init-p01md.apple.com/,benign
https://api.amazon.com/,benign
https://accountcapabilities-pa.googleapis.com/,benign
https://init.ess.apple.com/,benign
https://location.live.net/,benign
https://armmf.adobe.com/,benign
https://demdex.net/,benign
https://com.edgekey.net/,benign
https://agentsnprim.manage.microsoft.com/,benign
https://pubads.g.doubleclick.net/,benign
https://kv801.prod.do.dsp.mp.microsoft.com/,benign
https://augloop.office.com/,benign
https://fr86100314www.seznam.cz89100315www.mobile.de/,benign
https://dns.google/,benign
https://kv501.prod.do.dsp.mp.microsoft.com/,benign
https://nel.goog/,benign
https://b1.nel.goog/,benign
https://inference.location.live.net/,benign
